n_idx,cnt_id,cnt_id
44,135mov,135mov
43,381668.com,381668.com
42,55cn,55cn
41,5kpw,5kpw
40,6080n,6080n
39,bosku21,bosku21
38,dadi.tv,dadi.tv
37,dizilost,dizilost
36,doramatv,doramatv
35,doubiekan,doubiekan
34,dramaku.id,dramaserial21
33,dramaserial21,dududy
32,dududy,filmoserial.ru
31,filmoserial.ru,fullphim
30,fullphim,haitum
29,haitum,hayhd
28,hayhd,hit-series
27,hit-series,huphim
26,huphim,kekedianying
25,kekedianying,kenhphim
24,kenhphim,kordramas
23,kordramas,mfilm
22,mfilm,ngonphim
21,ngonphim,nontondrama
20,nontondrama,nungsub
19,nungsub,omberbagi
18,omberbagi,ongtv
17,ongtv,pangzitv
16,pangzitv,phim
15,phim,phimchat
14,phimchat,phimtron
13,phimtron,phimviethan
12,phimviethan,phimvuihd
11,phimvuihd,qmi777
10,qmi777,rapphim18
9,rapphim18,tiktokvideodown
8,tiktokvideodown,tv5box
7,tv5box,tv99
6,tv99,ulatmovie
5,ulatmovie,v.xiaomiid.cn
4,v.xiaomiid.cn,woliakan
3,woliakan,xemphim
2,xemphim,xuongphim18
1,xuongphim18,
